[ {
  "id" : 2,
  "name" : "1",
  "coordinates" : {
    "x" : 2.0,
    "y" : 3.0
  },
  "creationDate" : "2025-04-08T19:59:45.5188694Z",
  "from" : {
    "x" : 5,
    "y" : 6,
    "z" : 7.0,
    "LocationName" : "4"
  },
  "to" : {
    "x" : 9,
    "y" : 1,
    "z" : 2.0,
    "LocationName" : "8"
  },
  "distance" : 3
}, {
  "id" : 3,
  "name" : "23",
  "coordinates" : {
    "x" : 3.0,
    "y" : 3.0
  },
  "creationDate" : "2025-04-17T12:03:45.4796184Z",
  "from" : {
    "x" : 3,
    "y" : 3,
    "z" : 3.0,
    "LocationName" : "3"
  },
  "to" : {
    "x" : 3,
    "y" : 3,
    "z" : 3.0,
    "LocationName" : "3"
  },
  "distance" : 3
}, {
  "id" : 4,
  "name" : "3",
  "coordinates" : {
    "x" : 3.0,
    "y" : 34.0
  },
  "creationDate" : "2025-04-17T12:29:55.6531476Z",
  "from" : {
    "x" : 44,
    "y" : 4,
    "z" : 4.0,
    "LocationName" : "4"
  },
  "to" : {
    "x" : 4,
    "y" : 4,
    "z" : 4.0,
    "LocationName" : "4"
  },
  "distance" : 4
}, {
  "id" : 1,
  "name" : "2",
  "coordinates" : {
    "x" : 2.0,
    "y" : 3.0
  },
  "creationDate" : "2025-04-19T13:35:41.5906423Z",
  "from" : {
    "x" : 3,
    "y" : 4,
    "z" : 4.0,
    "LocationName" : "3"
  },
  "to" : {
    "x" : 4,
    "y" : 4,
    "z" : 4.0,
    "LocationName" : "4"
  },
  "distance" : 4
}, {
  "id" : 5,
  "name" : "1",
  "coordinates" : {
    "x" : 1.0,
    "y" : 2.0
  },
  "creationDate" : "2025-04-19T11:56:15.547521Z",
  "from" : {
    "x" : 34,
    "y" : 45,
    "z" : 5.0,
    "LocationName" : "3"
  },
  "to" : {
    "x" : 5,
    "y" : 5,
    "z" : 5.0,
    "LocationName" : "5"
  },
  "distance" : 5
} ]